first_name,last_name,email
Hobie,Bebbington,hbebbington0@naver.com
Remy,Orrom,rorrom1@bandcamp.com
Doralyn,Mussington,dmussington2@yellowpages.com
Elbert,Klimochkin,eklimochkin3@printfriendly.com
Loralyn,Dewick,ldewick4@google.co.jp
Nert,Tranter,ntranter5@apache.org
Murielle,Pafford,mpafford6@aol.com
Erie,Colquete,ecolquete7@freewebs.com
Oberon,MacKeeg,omackeeg8@marketwatch.com
Bette-ann,Ronaghan,bronaghan9@businessinsider.com
Anastasia,Speare,aspearea@de.vu
Jan,Gridon,jgridonb@rambler.ru
Deane,Clipson,dclipsonc@ehow.com
Michaelina,Nealey,mnealeyd@delicious.com
Cicily,McAnulty,cmcanultye@usgs.gov
Arliene,Lewsie,alewsief@howstuffworks.com
Bobbi,Vane,bvaneg@cpanel.net
Maris,Grimolbie,mgrimolbieh@sakura.ne.jp
Gaultiero,MacQuist,gmacquisti@about.com
Nerte,Lafferty,nlaffertyj@desdev.cn
Boyce,Noble,bnoblek@imgur.com
Pauli,Glanvill,pglanvilll@scribd.com
Almira,Cliff,acliffm@hexun.com
Isacco,Sutcliffe,isutcliffen@princeton.edu
Griff,Sibbering,gsibberingo@cnn.com
Felic,Morfett,fmorfettp@reference.com
Alexandr,Binnie,abinnieq@economist.com
Bernice,Raffin,braffinr@businessinsider.com
Warner,Andreou,wandreous@arstechnica.com
Carlin,Lewsley,clewsleyt@netscape.com
Gilbertine,Wayvill,gwayvillu@loc.gov
Rainer,Ranklin,rranklinv@altervista.org
Kevina,Middiff,kmiddiffw@ezinearticles.com
Gail,Gagan,ggaganx@admin.ch
Merlina,Kohtler,mkohtlery@ft.com
Rebekkah,Knappen,rknappenz@mysql.com
Phelia,Fassbender,pfassbender10@usatoday.com
Agneta,Massey,amassey11@samsung.com
Adelaide,Chaunce,achaunce12@about.com
Hollyanne,Paviour,hpaviour13@bloglines.com
Manon,Becerra,mbecerra14@forbes.com
Lance,Jouandet,ljouandet15@blogs.com
Elbertine,Kiddey,ekiddey16@nytimes.com
Gris,Kershaw,gkershaw17@lulu.com
Ewan,Curling,ecurling18@webnode.com
Zebadiah,Vost,zvost19@discovery.com
Margi,Crystal,mcrystal1a@cmu.edu
Yorker,Stenett,ystenett1b@jalbum.net
Blake,Solomonides,bsolomonides1c@howstuffworks.com
Lita,Iacofo,liacofo1d@nydailynews.com
Karly,Blackman,kblackman1e@virginia.edu
Lonnie,Haibel,lhaibel1f@last.fm
Candida,Popland,cpopland1g@artisteer.com
Tammie,Hansberry,thansberry1h@cam.ac.uk
Niall,Skittreal,nskittreal1i@jalbum.net
Link,Galiero,lgaliero1j@fastcompany.com
Merlina,Eliesco,meliesco1k@redcross.org
Lorin,Albany,lalbany1l@com.com
Gifford,Beaufoy,gbeaufoy1m@ehow.com
Filide,Gilleson,fgilleson1n@cargocollective.com
Birdie,Immings,bimmings1o@home.pl
Shir,Colthurst,scolthurst1p@themeforest.net
Ermina,Guilaem,eguilaem1q@businessinsider.com
Joan,Code,jcode1r@nationalgeographic.com
Moore,Toping,mtoping1s@oaic.gov.au
Clarisse,Gorden,cgorden1t@edublogs.org
Kylie,Penelli,kpenelli1u@columbia.edu
Zared,Glacken,zglacken1v@nhs.uk
Lurette,Gwyer,lgwyer1w@purevolume.com
Lamont,Vaillant,lvaillant1x@mail.ru
Anjela,Segar,asegar1y@github.com
Humberto,McCorry,hmccorry1z@quantcast.com
Alon,Gleadhall,agleadhall20@independent.co.uk
Gabrielle,M'Chirrie,gmchirrie21@prnewswire.com
Duke,Greig,dgreig22@amazon.com
Sayre,Fetteplace,sfetteplace23@hc360.com
Hedwig,Hawyes,hhawyes24@hexun.com
Alejandro,Hulburd,ahulburd25@slate.com
Tawnya,Peaple,tpeaple26@sohu.com
Edlin,Fraulo,efraulo27@soup.io
Fritz,Farrin,ffarrin28@instagram.com
Travis,Wornum,twornum29@archive.org
Mireielle,Hellwich,mhellwich2a@soundcloud.com
Tye,Riepl,triepl2b@apache.org
Toddy,Sarsfield,tsarsfield2c@taobao.com
Elwood,Peres,eperes2d@goo.gl
Phylis,Grisenthwaite,pgrisenthwaite2e@opensource.org
Yorke,Tremouille,ytremouille2f@globo.com
Ludovico,Lawley,llawley2g@edublogs.org
Gianna,Robrose,grobrose2h@biblegateway.com
Madlin,Dugall,mdugall2i@upenn.edu
Maurene,Blancowe,mblancowe2j@tumblr.com
Janaya,Stawell,jstawell2k@omniture.com
Oliviero,Moores,omoores2l@zdnet.com
Domenic,Zoane,dzoane2m@acquirethisname.com
Stanton,Shawyers,sshawyers2n@mozilla.org
Shepherd,Filochov,sfilochov2o@cdc.gov
Konstantin,Pic,kpic2p@privacy.gov.au
Cullie,Quinney,cquinney2q@census.gov
Ranice,Larcombe,rlarcombe2r@eepurl.com
César,Mayta,cesarmayta@ed.team
Alvaro,Felipe,alvaro@ed.team
César,Mayta,cesarmayta@ed.team
Alvaro,Felipe,alvaro@ed.team
