Python Developer,"New York, NY",https://www.linkedin.com/jobs/view/python-developer-at-open-systems-technologies-3952273769?position=1&pageNum=0&refId=htFvBX%2Bt2%2Fw4iBKxFQ9CHQ%3D%3D&trackingId=wYE6Nr%2FnIKwP4jQVrYUmtQ%3D%3D
Mathematical Programmer,"Marion County, IN",https://www.linkedin.com/jobs/view/mathematical-programmer-at-aml-crypto-4441918877?position=2&pageNum=0&refId=htFvBX%2Bt2%2Fw4iBKxFQ9CHQ%3D%3D&trackingId=U9bNhNa7Pz%2Fpx1xBZKZZPg%3D%3D
Middle Backend Developer,"Marion County, IN",https://www.linkedin.com/jobs/view/middle-backend-developer-at-aml-crypto-4441930264?position=3&pageNum=0&refId=htFvBX%2Bt2%2Fw4iBKxFQ9CHQ%3D%3D&trackingId=%2FnFvhYx3ohU%2FLpJl6BlV6g%3D%3D
Python Automation Developer (Onsite),"Seattle, WA",https://www.linkedin.com/jobs/view/python-automation-developer-onsite-at-veridian-tech-solutions-inc-4378399183?position=4&pageNum=0&refId=htFvBX%2Bt2%2Fw4iBKxFQ9CHQ%3D%3D&trackingId=7Cod8sJs7jkIMQ1G4XSw3A%3D%3D
Python FullStack (F2F Interview),"Detroit, MI",https://www.linkedin.com/jobs/view/python-fullstack-f2f-interview-at-snowrelic-inc-4417320384?position=5&pageNum=0&refId=htFvBX%2Bt2%2Fw4iBKxFQ9CHQ%3D%3D&trackingId=5X4ABnQ1QgJRgyGTiviPTw%3D%3D
Python Developer,"Jersey City, NJ",https://www.linkedin.com/jobs/view/python-developer-at-fixity-technologies-4437293326?position=6&pageNum=0&refId=htFvBX%2Bt2%2Fw4iBKxFQ9CHQ%3D%3D&trackingId=MEKysDCzCydl2YajO9aWbw%3D%3D
Software Design Engineer,"Conway, AR",https://www.linkedin.com/jobs/view/software-design-engineer-at-molex-4417682592?position=7&pageNum=0&refId=htFvBX%2Bt2%2Fw4iBKxFQ9CHQ%3D%3D&trackingId=pFBIdjPK1O3vkTdS%2BZ%2FovA%3D%3D
Backend Software Engineer,"San Antonio, Texas Metropolitan Area",https://www.linkedin.com/jobs/view/backend-software-engineer-at-confidential-4436108946?position=8&pageNum=0&refId=htFvBX%2Bt2%2Fw4iBKxFQ9CHQ%3D%3D&trackingId=BerB7SNwpB69ff8Nn9Bqhw%3D%3D
Python Automation Developer,"Menlo Park, CA",https://www.linkedin.com/jobs/view/python-automation-developer-at-delart-4433490130?position=9&pageNum=0&refId=htFvBX%2Bt2%2Fw4iBKxFQ9CHQ%3D%3D&trackingId=BP9jc1Vu3ED5%2F7x8T32k9w%3D%3D
Python Software Engineer 2,"Olathe, KS",https://www.linkedin.com/jobs/view/python-software-engineer-2-at-garmin-4426399093?position=10&pageNum=0&refId=htFvBX%2Bt2%2Fw4iBKxFQ9CHQ%3D%3D&trackingId=%2F%2BSVVVJME%2FkdtngA%2BPvimw%3D%3D
Software Developer,"Branson, MO",https://www.linkedin.com/jobs/view/software-developer-at-link-electronics-4423182118?position=11&pageNum=0&refId=htFvBX%2Bt2%2Fw4iBKxFQ9CHQ%3D%3D&trackingId=QqIW77gXmBeScZZv8UD%2BQw%3D%3D
Software Engineer,"New York, NY",https://www.linkedin.com/jobs/view/software-engineer-at-nira-energy-4344807558?position=12&pageNum=0&refId=htFvBX%2Bt2%2Fw4iBKxFQ9CHQ%3D%3D&trackingId=%2FrjURDBVQR%2F%2BbKgR6TqZQQ%3D%3D
AWS Python Developer,"Lafayette, LA",https://www.linkedin.com/jobs/view/aws-python-developer-at-cgi-4430783765?position=13&pageNum=0&refId=htFvBX%2Bt2%2Fw4iBKxFQ9CHQ%3D%3D&trackingId=q9OqWg1qb7pDA7mZgg%2BahA%3D%3D
Python Developer,"Irvine, CA",https://www.linkedin.com/jobs/view/python-developer-at-luxoft-4430490570?position=14&pageNum=0&refId=htFvBX%2Bt2%2Fw4iBKxFQ9CHQ%3D%3D&trackingId=2Vl%2F0sEZK44OpA8iNbhrfg%3D%3D
Python Software Engineer,Greater Boston,https://www.linkedin.com/jobs/view/python-software-engineer-at-morse-corp-4347474078?position=15&pageNum=0&refId=htFvBX%2Bt2%2Fw4iBKxFQ9CHQ%3D%3D&trackingId=QtCrPC4zFRBexvFxaDfhDA%3D%3D
"Quantitative Developer, Python","New York, United States",https://www.linkedin.com/jobs/view/quantitative-developer-python-at-tower-research-capital-4387266477?position=16&pageNum=0&refId=htFvBX%2Bt2%2Fw4iBKxFQ9CHQ%3D%3D&trackingId=v%2BWg8tZCw%2B4k1%2FQoYg%2B8jw%3D%3D
Python Software Engineer,"Chicago, IL",https://www.linkedin.com/jobs/view/python-software-engineer-at-old-mission-3761765202?position=17&pageNum=0&refId=htFvBX%2Bt2%2Fw4iBKxFQ9CHQ%3D%3D&trackingId=4qE0PEK6I%2B2%2F78rjpQZfLQ%3D%3D
Python Engineer,"Milwaukee, WI",https://www.linkedin.com/jobs/view/python-engineer-at-allspring-global-investments-4442163127?position=18&pageNum=0&refId=htFvBX%2Bt2%2Fw4iBKxFQ9CHQ%3D%3D&trackingId=%2BbCK602qIZJ4Q1RkLS0w4w%3D%3D
Backend Engineer,"India, MS",https://www.linkedin.com/jobs/view/backend-engineer-at-good-ai-4398553279?position=19&pageNum=0&refId=htFvBX%2Bt2%2Fw4iBKxFQ9CHQ%3D%3D&trackingId=Cq4nkNWO%2F%2Bbtw8y0KgvzYg%3D%3D
Software Engineer II (Python Focus),"Leawood, KS",https://www.linkedin.com/jobs/view/software-engineer-ii-python-focus-at-torch-ai-4438723904?position=20&pageNum=0&refId=htFvBX%2Bt2%2Fw4iBKxFQ9CHQ%3D%3D&trackingId=AJPaK4NELSP4iCrcjB5gFw%3D%3D
Python Software Engineer,"New York, NY",https://www.linkedin.com/jobs/view/python-software-engineer-at-old-mission-4410771038?position=21&pageNum=0&refId=htFvBX%2Bt2%2Fw4iBKxFQ9CHQ%3D%3D&trackingId=xVHD8M4cN2TqbnC%2BNBoRhg%3D%3D
Open Source Engineer - Python,"New York, NY",https://www.linkedin.com/jobs/view/open-source-engineer-python-at-braintrust-4329626129?position=22&pageNum=0&refId=htFvBX%2Bt2%2Fw4iBKxFQ9CHQ%3D%3D&trackingId=ymdvFGTtfFrYu11KhX4SRQ%3D%3D
Application Developer,"Pasadena, CA",https://www.linkedin.com/jobs/view/application-developer-at-caltech-4430666448?position=23&pageNum=0&refId=htFvBX%2Bt2%2Fw4iBKxFQ9CHQ%3D%3D&trackingId=Vuhd1JrGmSTx3LYI06bDcg%3D%3D
Python AI Engineer,"Sunrise, FL",https://www.linkedin.com/jobs/view/python-ai-engineer-at-tata-consultancy-services-4439933322?position=24&pageNum=0&refId=htFvBX%2Bt2%2Fw4iBKxFQ9CHQ%3D%3D&trackingId=lFZ8bdQEYHo0%2B0ZFTeLtXg%3D%3D
Software Engineer,"Johnston, IA",https://www.linkedin.com/jobs/view/software-engineer-at-shazam-network-its-inc-4407030124?position=25&pageNum=0&refId=htFvBX%2Bt2%2Fw4iBKxFQ9CHQ%3D%3D&trackingId=0fuM%2BTStSr6SV7UlOcTrMw%3D%3D
Quantitative Developer,"Salt Lake City, UT",https://www.linkedin.com/jobs/view/quantitative-developer-at-xantium-group-tudor-investment-corporation-4375135404?position=26&pageNum=0&refId=htFvBX%2Bt2%2Fw4iBKxFQ9CHQ%3D%3D&trackingId=kBKbrNFbmozZyCrdCCZO%2Bg%3D%3D
Back End Developer,"Indiana, United States",https://www.linkedin.com/jobs/view/back-end-developer-at-dronodat-gmbh-4441197980?position=27&pageNum=0&refId=htFvBX%2Bt2%2Fw4iBKxFQ9CHQ%3D%3D&trackingId=GazjIOBJ1iAZDCa0K56S4w%3D%3D
Python developer,"New York, NY",https://www.linkedin.com/jobs/view/python-developer-at-infinity-tech-group-inc-4440548592?position=28&pageNum=0&refId=htFvBX%2Bt2%2Fw4iBKxFQ9CHQ%3D%3D&trackingId=X6TEdpqYGbjZz1C8LG7FOA%3D%3D
"Software Engineer (Backend, Python) - Content Understanding","Jacksonville, FL",https://www.linkedin.com/jobs/view/software-engineer-backend-python-content-understanding-at-scribd-inc-4414166747?position=29&pageNum=0&refId=htFvBX%2Bt2%2Fw4iBKxFQ9CHQ%3D%3D&trackingId=lxG5UDDZcqCgSeUhlle2Fg%3D%3D
Python AI Engineer,"San Antonio, TX",https://www.linkedin.com/jobs/view/python-ai-engineer-at-tata-consultancy-services-4437306740?position=30&pageNum=0&refId=htFvBX%2Bt2%2Fw4iBKxFQ9CHQ%3D%3D&trackingId=8LeGCcEj4XZlAgtIn3HQPA%3D%3D
Python Developer,"Green Bay, Wisconsin Metropolitan Area",https://www.linkedin.com/jobs/view/python-developer-at-rivi-consulting-group-l-l-c-4431237016?position=31&pageNum=0&refId=htFvBX%2Bt2%2Fw4iBKxFQ9CHQ%3D%3D&trackingId=sSejHiJgNaG9jo7EuJ0SjQ%3D%3D
"Software Developer - Albuquerque, NM","Albuquerque, NM",https://www.linkedin.com/jobs/view/software-developer-albuquerque-nm-at-icr-inc-4346446111?position=32&pageNum=0&refId=htFvBX%2Bt2%2Fw4iBKxFQ9CHQ%3D%3D&trackingId=tELPaG5X2ukWPoT6OWtYSQ%3D%3D
Backend Engineer,"New York, NY",https://www.linkedin.com/jobs/view/backend-engineer-at-bevel-4362427472?position=33&pageNum=0&refId=htFvBX%2Bt2%2Fw4iBKxFQ9CHQ%3D%3D&trackingId=5ZygMfV2bNNQK42pz%2BbFTw%3D%3D
Backend Engineer,"Colorado Springs, CO",https://www.linkedin.com/jobs/view/backend-engineer-at-sphinx-defense-4433989702?position=34&pageNum=0&refId=htFvBX%2Bt2%2Fw4iBKxFQ9CHQ%3D%3D&trackingId=WNXgMS7wT7SN3TV0%2BDJgcQ%3D%3D
Python Developer,New York City Metropolitan Area,https://www.linkedin.com/jobs/view/python-developer-at-capgemini-4437071993?position=35&pageNum=0&refId=htFvBX%2Bt2%2Fw4iBKxFQ9CHQ%3D%3D&trackingId=qLMC%2FJkPZwyj7JoYcr8qMA%3D%3D
Software Engineer - Python,"Chicago, IL",https://www.linkedin.com/jobs/view/software-engineer-python-at-acquire-me-4437697564?position=36&pageNum=0&refId=htFvBX%2Bt2%2Fw4iBKxFQ9CHQ%3D%3D&trackingId=xYozUDZ6Y5A2WsxwGnvVSg%3D%3D
Application Developer,"New Orleans, LA",https://www.linkedin.com/jobs/view/application-developer-at-entergy-4438814189?position=37&pageNum=0&refId=htFvBX%2Bt2%2Fw4iBKxFQ9CHQ%3D%3D&trackingId=PoWD6mHVwntIhPIYfVKYsA%3D%3D
Software Engineer | The Synthesizer,"Dayton, OH",https://www.linkedin.com/jobs/view/software-engineer-the-synthesizer-at-infinity-labs%C2%AE-4407592310?position=38&pageNum=0&refId=htFvBX%2Bt2%2Fw4iBKxFQ9CHQ%3D%3D&trackingId=pyjaO0FJEcWOiAxwaci2iw%3D%3D
Python Developer,"Reston, VA",https://www.linkedin.com/jobs/view/python-developer-at-leidos-4414372326?position=39&pageNum=0&refId=htFvBX%2Bt2%2Fw4iBKxFQ9CHQ%3D%3D&trackingId=gM0YmqDJPzmsI%2F3nkLxuzw%3D%3D
Software Engineer - Generalist,"San Francisco, CA",https://www.linkedin.com/jobs/view/software-engineer-generalist-at-reflex-4365907728?position=40&pageNum=0&refId=htFvBX%2Bt2%2Fw4iBKxFQ9CHQ%3D%3D&trackingId=ewELX2WybrwuFn0iZAeN8w%3D%3D
Software Engineer,"Brooklyn, NY",https://www.linkedin.com/jobs/view/software-engineer-at-north-4429131739?position=41&pageNum=0&refId=htFvBX%2Bt2%2Fw4iBKxFQ9CHQ%3D%3D&trackingId=i5TdraObrvHrZPRz%2BRGJWg%3D%3D
"Software Engineer (Backend, Python) - Content Understanding","Miami, FL",https://www.linkedin.com/jobs/view/software-engineer-backend-python-content-understanding-at-scribd-inc-4414164708?position=42&pageNum=0&refId=htFvBX%2Bt2%2Fw4iBKxFQ9CHQ%3D%3D&trackingId=VMCLFcL%2BUfeS%2F0Go3dqqoA%3D%3D
Python Developer,"West Des Moines, IA",https://www.linkedin.com/jobs/view/python-developer-at-techaxis-inc-4428292592?position=43&pageNum=0&refId=htFvBX%2Bt2%2Fw4iBKxFQ9CHQ%3D%3D&trackingId=axokpqV%2F3eUGoEnxtzC2Zg%3D%3D
Python Developer,"Dallas, TX",https://www.linkedin.com/jobs/view/python-developer-at-atem-corp-4440812886?position=44&pageNum=0&refId=htFvBX%2Bt2%2Fw4iBKxFQ9CHQ%3D%3D&trackingId=DB7aGesPYtJyvSqoUTHihA%3D%3D
Application Engineer - Python,"Mountain View, CA",https://www.linkedin.com/jobs/view/application-engineer-python-at-metis-technology-solutions-inc-4422755732?position=45&pageNum=0&refId=htFvBX%2Bt2%2Fw4iBKxFQ9CHQ%3D%3D&trackingId=ACIA2MMqWhE4nEeePBosBg%3D%3D
Software Engineer,"Portland, ME",https://www.linkedin.com/jobs/view/software-engineer-at-haystack-4438793628?position=46&pageNum=0&refId=htFvBX%2Bt2%2Fw4iBKxFQ9CHQ%3D%3D&trackingId=sqYQXaQEgxP6l6lR1bm4Fg%3D%3D
Python Developer II,"Plano, TX",https://www.linkedin.com/jobs/view/python-developer-ii-at-finance-of-america-4434017625?position=47&pageNum=0&refId=htFvBX%2Bt2%2Fw4iBKxFQ9CHQ%3D%3D&trackingId=aQ3GoeY6AuwR0tcNgZEl4A%3D%3D
Python Developer,"Plano, TX",https://www.linkedin.com/jobs/view/python-developer-at-saransh-inc-4437918426?position=48&pageNum=0&refId=htFvBX%2Bt2%2Fw4iBKxFQ9CHQ%3D%3D&trackingId=SvPCvNcUjdxmr50VB3yGpQ%3D%3D
Open Source Engineer - Python,"Seattle, WA",https://www.linkedin.com/jobs/view/open-source-engineer-python-at-braintrust-4329753732?position=49&pageNum=0&refId=htFvBX%2Bt2%2Fw4iBKxFQ9CHQ%3D%3D&trackingId=Yg%2FQ3Ig6QCZQS0g7KzgLvg%3D%3D
Python Developer,"Chantilly, VA",https://www.linkedin.com/jobs/view/python-developer-at-leidos-4419609087?position=50&pageNum=0&refId=htFvBX%2Bt2%2Fw4iBKxFQ9CHQ%3D%3D&trackingId=KxjEGszFC516621Hize9WA%3D%3D
Software Engineer,"San Francisco, CA",https://www.linkedin.com/jobs/view/software-engineer-at-alljoined-4389415807?position=51&pageNum=0&refId=htFvBX%2Bt2%2Fw4iBKxFQ9CHQ%3D%3D&trackingId=%2BD8Xa5%2BcyAOrO32vW9NAdg%3D%3D
Software Engineer,"Pittsburgh, PA",https://www.linkedin.com/jobs/view/software-engineer-at-carnegie-mellon-university-4434389490?position=52&pageNum=0&refId=htFvBX%2Bt2%2Fw4iBKxFQ9CHQ%3D%3D&trackingId=54UV3DUVKWymp4Dz0BWSTA%3D%3D
Back End Developer,United States,https://www.linkedin.com/jobs/view/back-end-developer-at-silicon-data-4441955274?position=53&pageNum=0&refId=htFvBX%2Bt2%2Fw4iBKxFQ9CHQ%3D%3D&trackingId=5ukSO8Pc7NLvcOrUCCxi8A%3D%3D
Systems Software Engineer,"Santa Clara, CA",https://www.linkedin.com/jobs/view/systems-software-engineer-at-picarro-4404955645?position=54&pageNum=0&refId=htFvBX%2Bt2%2Fw4iBKxFQ9CHQ%3D%3D&trackingId=kRb%2BAhwU4u%2BYgGijXIJBYg%3D%3D
Backend Software Engineer (API-focused),"Katy, TX",https://www.linkedin.com/jobs/view/backend-software-engineer-api-focused-at-off-duty-management-4440995871?position=55&pageNum=0&refId=htFvBX%2Bt2%2Fw4iBKxFQ9CHQ%3D%3D&trackingId=h9RGZdMidUB6gHAw2lvycQ%3D%3D
Front End Developer,"Orem, UT",https://www.linkedin.com/jobs/view/front-end-developer-at-webomaze-technologies-private-limited-4440250798?position=56&pageNum=0&refId=htFvBX%2Bt2%2Fw4iBKxFQ9CHQ%3D%3D&trackingId=O84SlAVfgc3cPFjDFqRLoA%3D%3D
Software Engineer,"Fort Collins, CO",https://www.linkedin.com/jobs/view/software-engineer-at-toyon-research-corporation-4438775166?position=57&pageNum=0&refId=htFvBX%2Bt2%2Fw4iBKxFQ9CHQ%3D%3D&trackingId=nTjsYx0FNxEgyr6dwLIbKg%3D%3D
Python Developer,"Princeton, NJ",https://www.linkedin.com/jobs/view/python-developer-at-pozent-corporation-4371262883?position=58&pageNum=0&refId=htFvBX%2Bt2%2Fw4iBKxFQ9CHQ%3D%3D&trackingId=TiNCy2iCTsOiTWgflHPjDw%3D%3D
PYTHON API DEVELOPER,"Malvern, PA",https://www.linkedin.com/jobs/view/python-api-developer-at-q1-technologies-inc-4438406216?position=59&pageNum=0&refId=htFvBX%2Bt2%2Fw4iBKxFQ9CHQ%3D%3D&trackingId=B76p1Z1foBmcf1u99Nxepg%3D%3D
Backend Engineer,Los Angeles Metropolitan Area,https://www.linkedin.com/jobs/view/backend-engineer-at-skims-4432602410?position=60&pageNum=0&refId=htFvBX%2Bt2%2Fw4iBKxFQ9CHQ%3D%3D&trackingId=1aA10HhoxlGOlL7d54GSEA%3D%3D
